,Loss,Accuracy,Recall,Specificity,F1,AUC
0,0.1726682118288005,0.9438827098078868,0.9856927710843374,0.8584615384615385,0.9593257603517772,0.9910912882298424
