,Loss,Accuracy,Recall,Specificity,F1,AUC
0,0.2412367877790552,0.9282103134479271,0.9894578313253012,0.803076923076923,0.9487364620938629,0.9897532437442076
