,Loss,Accuracy,Recall,Specificity,F1,AUC
0,0.25307766070515975,0.9317492416582407,0.9917168674698795,0.8092307692307692,0.9512459371614301,0.9899154309545876
