accuracy,loss,val_accuracy,val_loss
0.7008591294288635,0.9713257551193237,0.6810519099235535,1.1762584447860718
0.9051546454429626,0.39625272154808044,0.7943357825279236,0.7271438837051392
0.9513745903968811,0.27708688378334045,0.7444369792938232,1.099556565284729
0.9524055123329163,0.2648961842060089,0.7336480021476746,1.3423956632614136
0.9644330143928528,0.2349499613046646,0.8037761449813843,0.8325644135475159
0.9584192633628845,0.25099411606788635,0.7842211723327637,0.8368600010871887
0.9742268323898315,0.20884940028190613,0.8064733743667603,0.9830321669578552
