,Class,resnet recall,resnet f1,resnet AUC,densenet recall,densenet f1,densenet AUC,convnext2 recall,convnext2 F1,convnext2 AUC
0,adenosis,0.8348623853211009,0.8310502283105022,0.992789157720608,0.981651376146789,0.823076923076923,0.998115069138675,0.5871559633027523,0.7314285714285714,0.9937021711065626
1,ductal_carcinoma,0.9334126040428062,0.8612177729018102,0.9485001835357456,0.8608799048751486,0.8660287081339713,0.9591724472583104,0.976218787158145,0.8734042553191489,0.9669834357682408
2,fibroadenoma,0.8472727272727273,0.7911714770797963,0.9752458228794108,0.8,0.8255159474671669,0.9772145411840067,0.9127272727272728,0.8006379585326954,0.9766657769711206
3,lobular_carcinoma,0.5272727272727272,0.6170212765957447,0.9643032643032644,0.8303030303030303,0.6586538461538461,0.9633655919370204,0.6303030303030303,0.6603174603174603,0.9723879723879724
4,mucinous_carcinoma,0.7134502923976608,0.6853932584269663,0.9426758188590828,0.7660818713450293,0.8343949044585988,0.9822846176500096,0.5672514619883041,0.7003610108303249,0.9447405638242444
5,papillary_carcinoma,0.3377483443708609,0.4927536231884058,0.947277228620001,0.543046357615894,0.6721311475409836,0.9698851299673406,0.4569536423841059,0.6106194690265486,0.964516795528442
6,phyllodes_tumor,0.53,0.6309523809523809,0.96814696485623,0.8,0.8080808080808081,0.9870447284345047,0.37,0.5068493150684932,0.959084132055378
7,tubular_adenoma,0.8072289156626506,0.8589743589743589,0.9930948961408548,0.8433734939759037,0.877742946708464,0.9943582276124364,0.8072289156626506,0.864516129032258,0.993367509774196
