,Loss,Accuracy,Recall,Specificity,F1,AUC
0,0.2062327097479868,0.9494438827098078,0.9879518072289156,0.8707692307692307,0.9632892804698971,0.9880775023169602
